"ID","Name","Email","Age","Location"
"1","Emily Chen","emily.chen@example.com","25","New York, NY"
"2","Ryan Thompson","ryan.thompson@example.com","32","Los Angeles, CA"
"3","Sophia Patel","sophia.patel@example.com","28","New York, NY"
"4","Michael Lee","michael.lee@example.com","41","San Francisco, CA"
"5","Olivia Brown","olivia.brown@example.com","29","Los Angeles, CA"
"6","Alexander White","alexander.white@example.com","35","Chicago, IL"
"7","Isabella Davis","isabella.davis@example.com","26","New York, NY"
"8","Julian Martin","julian.martin@example.com","38","San Francisco, CA"
"9","Ava Hall","ava.hall@example.com","24","Los Angeles, CA"
"10","Ethan Walker","ethan.walker@example.com","30","New York, NY"